projects,proposer,current_amount,current_price,projects_url,spec,remaining_time,group_period
永恆金庸・無限江湖：【金庸作品集】平裝改版計畫,遠流出版公司,9458953.0,9490.0,https://www.zeczec.com/projects/jingyong,"2024年是「金庸百年」，遠流預計推動三年期的【金庸作品集】平裝改版計畫（二版），全套36冊，每年出版12冊。兼具收藏性與創意性的贈品規劃，期盼更多新讀者進入金庸的多重宇宙！,zeczec",15 天,2022/09/07 11:00 – 2022/10/17 23:59
【葉添YeTech｜匠人級收納雙刀組】是刀盒也是砧板，刀具 / 砧板 / 收納 / 攜帶 4in1，戶外廚房10秒帶出門！,葉添 YeTech Craft,4751340.0,4150.0,https://www.zeczec.com/projects/yetech-2022,"台灣百年製刀品牌「葉添」專為戶外露營打造「攜帶型專業廚刀組」。 結合VG10頂級鋼材雙刀、砧板、磁吸收納設計、透氣提袋為一體，一個包陪你上山下海，10秒即可外帶行動廚房，到哪都能大展廚藝！,zeczec",25 天,2022/09/06 21:00 – 2022/10/27 23:59
折折盒｜2 種型態，∞ 多可能，一秒切換平面/立體的多用途新經典折盒,ZENLET 禪與徠特,3075275.0,1320.0,https://www.zeczec.com/projects/FoldiBox,"一款選用食品級耐熱矽膠，搭配日本抗菌銀離子配方，並採磁吸固定以實現迅速攤平、直覺好清洗的多用途新經典折盒。,zeczec", 16 小時,2022/08/30 12:00 – 2022/10/04 02:00
【木直牛勿】澐森之巔 再美一年 台灣山月曆,木直牛勿,955781.0,950.0,https://www.zeczec.com/projects/plantpractice2022,"我們是「木直牛勿」，喜歡山林，也喜歡畫畫。​ 希望透過畫筆，將台灣山林之美帶入各位的生活中：）,zeczec",25 天,2022/09/27 11:30 – 2022/10/28 02:00
HoldU 懶人沙發椅｜是懶骨頭，更是床墊 ＆ 支撐沙發！一椅三用大革新，Hold Your Life！,WM台客嚴選,1490120.0,3490.0,https://www.zeczec.com/projects/holdu,"360 度沉浸包覆，享受懶骨頭帶來的放鬆，加上台灣製的支撐設計，包覆兼具支撐，怎麼坐都舒適，讓一椅適用多種生活情境，一張顛覆你想像的懶人沙發，不只是懶骨頭，也是支撐沙發，更是單人沙發床！,zeczec",34 天,2022/09/20 12:00 – 2022/11/06 02:00
❝ 𝘿𝙤𝙪𝙗𝙡𝙚 𝘽𝙤𝙭 蒸氣微波保鮮盒 ❞ 保鮮 - 料理 - 上桌，一步到位！,LiFE RiCH 富川創造,4977220.0,2800.0,https://www.zeczec.com/projects/double-box,"LiFE RiCH 富川創造全新力作！延續「可微波不鏽鋼」專利結構，結合獨家「蒸氣微波」技術，並升級氣密防漏、防燙隔熱、三款容量設計，讓保鮮、料理、上桌，一步到位！,zeczec",44 天,2022/09/21 12:00 – 2022/11/15 23:59
森下 沉浸式調光 LED 吸頂燈｜家的氛圍由你掌控，享受質感生活新濾鏡,MST 森下照明 x 有設計,1367489.0,590.0,https://www.zeczec.com/projects/mst,"2022 最強居家改造計畫，「森下吸頂燈」提供遙控多段調光，可隨心所欲自由調整，搭配四種色光模式，適用各種日常情境，讓你輕鬆打造高質感生活風格。,zeczec", 38 小時,2022/08/23 10:30 – 2022/10/04 23:59
,,,,https://www.zeczec.com/projects/showtime,,,
,,,,https://www.zeczec.com/projects/armada,,,
,,,,https://www.zeczec.com/projects/ideacam,,,
,,,,https://www.zeczec.com/projects/toesmerryv2,,,
,,,,https://www.zeczec.com/projects/sleepytofu-sofa,,,
,,,,https://www.zeczec.com/projects/yomaomao2023calendar,,,
,,,,https://www.zeczec.com/projects/moneycome,,,
,,,,https://www.zeczec.com/projects/graduation-book-funding-project,,,
,,,,https://www.zeczec.com/projects/spirittarot_taiwan,,,
,,,,https://www.zeczec.com/projects/ulani,,,
2023《365養食曆》｜365天 五行×五季×五臟 養生食補日曆 ,漾品啟鎂,328082.0,999.0,https://www.zeczec.com/projects/calendar365,"這是一本將養食觀念結合東方五行概念的養生食補日曆， 跟著時節這樣吃，讓您食在健康、食全食美！,zeczec",59 天,2022/09/28 12:00 – 2022/11/30 23:59
未來美✨逆時微電雙波機｜年輕緊緻 + 緊實淡紋，只要 10 分鐘 Hold 住緊緻好狀態！,未來美,7848651.0,8800.0,https://www.zeczec.com/projects/beauty-device,"居家頂級美容儀「雙波合一」！在家就可以擁有年輕緊緻護理，防止肌膚老化，鍛鍊臉部線條！,zeczec",23 天,2022/09/13 12:00 – 2022/10/26 02:00
Withering Calendar 2023 植物凋零曆 ｜凡事都會消逝，凡事也都會再來,yiyuflorist,3246344.0,980.0,https://www.zeczec.com/projects/withering-calendar-2023,"一本關於凋零的植物攝影日曆。,zeczec",29 天,2022/09/21 21:00 – 2022/10/31 23:59
J'DOR 全天然兒童黏土 | 用食材打造玩具 | 不沾黏、加水即可恢復柔軟、植物精油製作 幼兒安全無毒玩具首選,倍格思有限公司,404635.0,550.0,https://www.zeczec.com/projects/jdor,"J'DOR 天然配方 - 安全無毒兒童黏土 促進小肌肉發展訓練 ｜ 不殘留好清理、不沾黏、加水即可恢復柔軟、植物精油製作 ,zeczec",55 天,2022/09/30 21:00 – 2022/11/26 23:59
馬曆2023／做一隻不會在龜兔賽跑中輸掉比賽的兔子,新加坡商艾雅思股份有限公司台灣分公司,1853106.0,920.0,https://www.zeczec.com/projects/MarknMary2023,"原子習慣說，只要每天進步1%，一年累積下來，你就會成長3700%！ 問題是，我們要從哪裡開始下手，要如何有意識地做出改變呢？ 就讓馬曆成為你每日的提醒吧！,zeczec",60 天,2022/10/01 10:01 – 2022/12/01 23:59
✶LIGHtogo 最強殺菌神器✶ 100%安全無顧慮！,長虹光電,429842.0,1300.0,https://www.zeczec.com/projects/lightogo-uvc,"車用UVC殺菌燈強勢來襲， 超懶人神器３步驟輕鬆安裝，隨車內空調出風98.4%滅毒殺菌！從最根本源頭持續有效循環滅菌！九大特色全面淨化車內空間，司機乘客都安心！,zeczec",59 天,2022/08/31 12:00 – 2022/11/30 23:59
日日有影 2023｜生活是電影的本質，電影是生活的淬鍊 ―― 電影日曆陪伴你的 2023 年,釀電影,2203295.0,980.0,https://www.zeczec.com/projects/amovieaday,"12 位台灣插畫家，與近百位電影人、影評、作家聯手，讓你的 365 天都有電影相伴。,zeczec",29 天,2022/08/31 21:00 – 2022/10/31 23:59
,,,,https://www.zeczec.com/projects/deadeveryday,,,
,,,,https://www.zeczec.com/projects/wbj4th2022,,,
,,,,https://www.zeczec.com/projects/FredJam,,,
,,,,https://www.zeczec.com/projects/verse-3rd-yrs,,,
,,,,https://www.zeczec.com/projects/coca-koala-2,,,
,,,,https://www.zeczec.com/projects/wonderbook,,,
,,,,https://www.zeczec.com/projects/logitech-edu,,,
,,,,https://www.zeczec.com/projects/parenting-calendar2023,,,
,,,,https://www.zeczec.com/projects/catflip2023,,,
,,,,https://www.zeczec.com/projects/team-of-taiwan-mdas-2022,,,
【 專為孩子精心打造｜coobee 2.0 】 2in1 手搖 / 電動雙升降兒童成長書桌，馬達輕鬆拆卸好安裝！美觀、安全、實用兼具！,欣美SingBee,2990221.0,27990.0,https://www.zeczec.com/projects/coobee,"熱銷海內外的coobee 這次進化為電動桌，克服傳統電動桌故障就要整張丟棄的困擾，一張能實現從小用到出社會的兒童電動桌！清新色調，任何裝潢風格都好融入！,zeczec",10 天,2022/08/10 12:00 – 2022/10/12 23:59
【iMiniDV X4】內建式安全帽行車記錄器｜3秒快拆｜ Wifi連接｜AI智慧啟動｜真人語音｜GPS測速｜守護你的「型」車安全,聯合總部 Federal Headquarters,7148923.0,3280.0,https://www.zeczec.com/projects/iminidv-x4,"100% 極隱蔽＋1080p 全高清＋140° 超廣角＝ 你無懼三寶｜不怕碰瓷的秘密武器｜google精準定位｜超高續航,zeczec",29 天,2022/08/11 12:00 – 2022/10/31 23:59
 最速面紙盒 ▋TOS 紙巾供應系統 Tissue Offering System ▋ 提昇你內心的辛烷值。,HooBue,1555925.0,2250.0,https://www.zeczec.com/projects/tos-tissue-offering-system,"首創電子監測面紙殘量，全鋁合金打造，抽吧！提昇心靈馬力，一個動作讓生活細節充滿貼背感。,zeczec",12 天,2022/07/20 21:00 – 2022/10/14 23:59
𝙈𝙞𝙟𝙞𝙡𝙮 𝘼𝙞𝙧 大氣涼拖鞋｜𝟭 鞋 𝟰 穿的機能神拖 - 急反彈、強支撐、超耐走！,Mijily 米吉利循環鞋履,5412871.0,1680.0,https://www.zeczec.com/projects/mijily-air,"這是『史上第一雙大氣控壓的涼拖鞋！』兼具四種鞋面穿法、吊掛收納、耐磨止滑、專利高支撐鞋體，同時輕盈舒適且可回收的休閒涼拖鞋。Mijily 不只賣鞋，我們更注重售後的回收機制！,zeczec",29 天,2022/08/03 12:00 – 2022/10/31 23:59
▋好評延長第二波！▋萬播T6R Max - 投影王者回歸！最強 CP 值，劇院級享受隨手帶著走！,睿濬國際,8451421.0,9190.0,https://www.zeczec.com/projects/t6r-max-cp,"曾創下嘖嘖募資 4000 萬最高紀錄的投影機王者回歸！小套房也能投出 200 吋巨幅螢幕！追劇、玩遊戲、露營星空電影院？T6R Max 讓你用最高的 CP 值，為小空間創造沈浸式的大體驗！,zeczec",11 天,2022/08/16 12:00 – 2022/10/13 23:59
KAVi 翻轉咖啡杯｜一杯搞定所有器具，跳脫日常框架、翻轉無限”饗嚮”,錦明實業股份有限公司,446879.0,1485.0,https://www.zeczec.com/projects/viida-kavi,"小孩才作選擇，今天喝什麼我說了算！隱身於隨行杯裡的飲品特調 Bar，讓你再忙都能輕鬆享有手作飲品的好滋味及樂趣味！,zeczec",42 天,2022/09/13 10:30 – 2022/11/13 23:59
Cool Smile 乾式行動水冷扇 ｜強力涼風有感直吹，乾爽不濕悶！,ecostar Taiwan,1089778.0,2700.0,https://www.zeczec.com/projects/cool-smile,"打破你對水冷扇的既定印象！獲取台灣專利技術認證，無濾網的水冷扇也可以清涼有感，長久使用無需擔心高額電費！,zeczec",3 天,2022/08/17 20:00 – 2022/10/06 02:00
,,,,https://www.zeczec.com/projects/guardamper,,,
,,,,https://www.zeczec.com/projects/betterlife2023,,,
,,,,https://www.zeczec.com/projects/goodday,,,
,,,,https://www.zeczec.com/projects/anan,,,
,,,,https://www.zeczec.com/projects/raz-multistand,,,
,,,,https://www.zeczec.com/projects/moft-Cooling-Stand,,,
,,,,https://www.zeczec.com/projects/ryuu,,,
,,,,https://www.zeczec.com/projects/tomita,,,
,,,,https://www.zeczec.com/projects/veer,,,
,,,,https://www.zeczec.com/projects/byzoomfitness-dumbbell-bench,,,
O'miti 潔淨美膚儀 | 洗臉、卸妝、導入➰️多樣配件輕鬆替換，清潔保養簡單搞定！,lisscode,1106020.0,2180.0,https://www.zeczec.com/projects/o-miti-all-in-one,"台灣設計製造，滿足「全方位肌膚」需求，提供專業、日常、快速洗、卸、保養選擇，找回極淨透亮美肌！,zeczec",16 天,2022/09/06 12:00 – 2022/10/19 02:00
『 日本 amadana ｜16L 極靜高效除濕機 』 - 日本美學 一級能效 16L 除濕機,amadana,2149181.0,8580.0,https://www.zeczec.com/projects/amadana-16l,"日式極簡『 16L 除濕機』，大除濕量，40%-80% 濕度符合環境需求！45dB靜音除濕，安心舒適！一級能效，還能自行申請1200元補助喔！,zeczec",28 天,2022/08/23 12:00 – 2022/10/31 02:00
職游 x 牌卡 = 運用內在三角形▲ 成為自己的職涯設計師！,職游,328967.0,4480.0,https://www.zeczec.com/projects/careercreator,"我們是「職游」，由職涯諮詢師組成的專業團隊，這次推出 3 套職涯探索牌卡與可無限回看的線上課程，希望大家能透過趣味的職涯探索牌卡，在多變的職場環境中，從探索認識自己的「內在 3 角形」開啟職涯規...,zeczec",30 天,2022/09/26 20:00 – 2022/11/01 23:59
翁鈺鈞首張個人專輯《欲嫁女人心》募資計劃,怡佳娛樂經紀股份有限公司,152625.0,299.0,https://www.zeczec.com/projects/WengYuJun-Album,"一個懷著希望夢想而唱的女生，將要把過去所聚集的能量，全心注入首張個人全新創作專輯中，唱乎你聽！,zeczec",90 天,2022/09/23 20:00 – 2022/12/31 23:59
Flōt 舒眠浮樂枕 ｜體驗可調式：物理牽引+漂浮舒壓，雙重舒眠享受的超級機能枕,Jolie有點酷,1517684.0,2480.0,https://www.zeczec.com/projects/trippal-flot,"全面破解惡性循環的失眠魔咒！全球首款~可彈性調整～完美整合「物理微牽引」、「飄浮輕舒壓」、「革新專利材料」與 「全方位人體工學」的精品級舒壓機能枕！,zeczec",31 天,2022/07/12 21:00 – 2022/11/03 02:00
Drinker 醉客包｜背包界的陳年酒桶，讓你隨時隨地享受品飲，來場醉客之旅！,Stella Forza 本革九號製所,975930.0,6120.0,https://www.zeczec.com/projects/drinker-wine-bag,"酒桶造型餐酒袋精緻有型，三種攜帶方式：手提、側背、後背讓你輕鬆袋酒出門。採用義大利頭層牛皮拼接油蠟帆布，讓城市型男們能隨時隨地品飲微醺，背上醉客包一起成為最時尚的Drinker！,zeczec",24 天,2022/07/28 21:00 – 2022/10/27 02:00
你愛喝酒 那你懂酒嗎？｜《醉的有理》2023酒醉日曆,下班族,677259.0,799.0,https://www.zeczec.com/projects/jiuzuirili,"這是一本沒有要讓你2023清醒的日曆(*^_^*),zeczec",37 天,2022/09/20 21:00 – 2022/11/08 23:59
《新蘇富比葡萄酒百科全書》｜葡萄酒界權威之作，發行 35 年首度推出中文版！,大石國際文化有限公司,872381.0,4380.0,https://www.zeczec.com/projects/The-New-Sothebys-Wine-Encyclopedia,"《蘇富比葡萄酒百科全書》是WSET世界品酒師證照和CMS侍酒師考試的指定讀物，1988年由DK發行首版（480頁），改版後更名為《新蘇富比葡萄酒百科全書》，現在這本是2020年第六版，內容增加到...,zeczec",29 天,2022/09/19 20:00 – 2022/10/31 23:59
,,,,https://www.zeczec.com/projects/neo,,,
,,,,https://www.zeczec.com/projects/htvront,,,
,,,,https://www.zeczec.com/projects/horumonbaby426,,,
,,,,https://www.zeczec.com/projects/makeawish,,,
,,,,https://www.zeczec.com/projects/huachen,,,
,,,,https://www.zeczec.com/projects/sparkiediaper2,,,
,,,,https://www.zeczec.com/projects/ArdeaAlba-Jacket,,,
,,,,https://www.zeczec.com/projects/hdh-iris,,,
,,,,https://www.zeczec.com/projects/cluebox-v-s,,,
2023【台灣．鳥．日子—365天手繪日曆】｜你的鳥類小百科,台灣．鳥．日子,165310.0,760.0,https://www.zeczec.com/projects/lovebirds2023,"2023【台灣．鳥．日子—365天手繪日曆】手繪勾勒365隻鳥類，彩繪並記錄台灣及全球獨特鳥兒！引起台灣大眾對鳥兒的關注，入門學習鳥類的知識！,zeczec",50 天,2022/09/22 20:00 – 2022/11/21 23:59
以聆聽陪伴無聲吶喊青少年｜2022《心理自聊師》Podcast 募資計畫,金星文創製作有限公司,172100.0,800.0,https://www.zeczec.com/projects/podcast2022,"我們青少年自殺死亡率連續 20 年攀升，讓專業心理師主持的 Podcast 節目，用青少年聽得進去的語言，協助更多人理解他們的不快樂，陪他們撐下去。,zeczec",13 天,2022/08/31 11:00 – 2022/10/15 23:59
『Finale2』日本天才發明家小川コータ設計 #人生最後的皮夾,Neo Choice ,403880.0,2260.0,https://www.zeczec.com/projects/finale2,"最強皮夾收納術，始終保持『輕薄1CM』。 日本職人製，最高等級牛皮革和防水保護劑。日本集資近900萬的創意設計皮夾，台灣獨家首賣 😉,zeczec",18 天,2022/09/01 20:30 – 2022/10/20 23:59
日本旭川折折墊 | 多用途三角靠墊隨你折疊，體驗減壓生活新折學！,日本旭川,879350.0,2490.0,https://www.zeczec.com/projects/zhe-zhe-pillow,"給想減壓放鬆的你，三大「折」學體驗！專利折疊設計搭配高密度記憶芯，符合人體工學、慢回彈高支撐，將壓力交給折折墊，打造居家減壓「折」學生活！,zeczec",19 天,2022/08/10 10:30 – 2022/10/21 23:59
2023 懂懂漢方曆 ✦ 讓中醫知識融入生活，陪你漢方養生一整年！,懂懂漢方(上荷生醫),292070.0,830.0,https://www.zeczec.com/projects/dongherb2023,"常見中藥材 × 實用藥帖，不只體驗本草之美，更享受有漢方的美好日常 ◔.̮◔✧,zeczec",28 天,2022/09/20 20:00 – 2022/10/30 23:59
余凱揚首張個人專輯《梁山伯分手祝英台》募資計劃,怡佳娛樂經紀股份有限公司,219755.0,299.0,https://www.zeczec.com/projects/KaiYang0124,"一位很不一樣的新人，一個新時代的年輕範本⋯⋯余凱揚,zeczec",8 天,2022/08/15 20:00 – 2022/10/10 23:59
香伴 | 香菱最懂你想要的LOVE極致覺醒,香伴,381148.0,999.0,https://www.zeczec.com/projects/siangcup,"擁有百萬粉絲的天使臉孔魔鬼身材陳香菱本色出演香伴杯，帶您飛上雲端享受極致高潮猶如香菱伴你在身邊❤,zeczec",10 天,2022/08/25 21:00 – 2022/10/12 23:59
,,,,https://www.zeczec.com/projects/puffdarling,,,
,,,,https://www.zeczec.com/projects/musical-world,,,
,,,,https://www.zeczec.com/projects/yuyu-yang-museum,,,
,,,,https://www.zeczec.com/projects/taiwanballetcompanyperformance,,,
,,,,https://www.zeczec.com/projects/pilmoa,,,
,,,,https://www.zeczec.com/projects/anna2023,,,
,,,,https://www.zeczec.com/projects/j-fit,,,
,,,,https://www.zeczec.com/projects/onemore-twomore,,,
,,,,https://www.zeczec.com/projects/StarHuang,,,
【蕭紫菡舞蹈劇場】—— 《罪愆》(OFFENSE)，前進西班牙MASDANZA編舞大賽 募資計劃！,蕭紫菡,268310.0,600.0,https://www.zeczec.com/projects/OFFENSE---MASDANZA,"作品《罪愆》(OFFENSE)入圍歐洲最佳舞蹈節——西班牙MASDANZA編舞大賽，欲募足機票及相關費用前往，盼獲各界支持。,zeczec",14 天,2022/08/11 12:00 – 2022/10/16 23:59
【磁流蝸蝸機】自療系美容儀、按摩儀、刮痧板MIX！4in1全身按摩X臉部拉提X加快保養X活絡循環,貝思得國際股份有限公司,130360.0,1980.0,https://www.zeczec.com/projects/snails,"不同於市面上功能單一的刮痧板，我們結合了「美容儀＋按摩儀＋刮痧板」的特色，以貼身設計加入熱能、微磁流及高速震動，你可以運用滾輪加強臉部拉提，滾出小V臉，加強身體按摩，一鍵切換，全身都可使用！！,zeczec",26 天,2022/09/12 20:00 – 2022/10/28 23:59
【Formosan Creatures 島嶼精靈 - 質感金屬車用擴香】開啟自然香氛旅程,Gdesign,132759.0,1280.0,https://www.zeczec.com/projects/formosan-creatures-CarDiffuser,"以四種保育類動物台灣藍鵲、石虎、虎鯨、櫻花鉤吻鮭為主角，融合圖像工藝設計、香氛調製、歌曲創作元素，創作出【島嶼精靈 - 動物圖騰擴香】系列，期待以視、嗅、觸與聽覺體驗記錄美麗的自然生態,zeczec",15 天,2022/08/31 20:00 – 2022/10/18 02:00
貓咪好盆友-外掛式自動貓砂盆,大數聚物聯-最強掃地工,23086.0,4599.0,https://www.zeczec.com/projects/CatFriendForever,"一款結合省電、體積小、鏟屎、快速打包的外掛式自動貓砂盆,zeczec",29 天,2022/09/30 11:00 – 2022/10/31 23:59
《愛洗手自動給皂機》募資預購計畫｜終身保固・當您一輩子的依靠｜金馬影后陳淑芳代言｜ 個人衛生保護・抗疫居家必備 ｜長效免用電池｜洗手液台灣 GMP 大廠製造,杰強國際有限公司,289750.0,675.0,https://www.zeczec.com/projects/ai-xi-shou,"愛洗手自動給皂機，為杰強國際有限公司全新推出的洗手機旗艦機種。這兩年因為疫情的發生，大家開始更注重在個人的衛生習慣，因此創辦人想推出一款提供終身免費保固的自動給皂機，提供給大眾最完善的售後服務，...,zeczec",29 天,2022/08/03 12:00 – 2022/10/31 23:59
【如記食品 ｜純天然食材、可即食、可送禮の健康禮盒】,如記食品有限公司,243240.0,850.0,https://www.zeczec.com/projects/ruji-food01,"如記禮盒即將開放預購 （讓你能烤肉，送禮，無負擔的吃！喝！玩！） 參與募資還可以得到這份禮盒的大優惠價喔！ ​ 如記食品成立於1982年，2004年開始與7-11統一合作，研發並生產冷凍...,zeczec",3 天,2022/08/19 12:00 – 2022/10/05 23:59
《日有所撕》每週精選配色的撕式週曆，可撕下值得紀念的日期作為年度回顧，也是2023年最佳生日及週年禮 ,CHLOE DESIGN,1640.0,840.0,https://www.zeczec.com/projects/savetheday2023,"以色彩為主題的萬用週曆，只要有創意，還可當作紀念冊、微日記、單字卡或書籤等用途，也是生日及週年紀念的創意贈禮。,zeczec",28 天,2022/10/02 15:00 – 2022/10/30 23:59
,,,,https://www.zeczec.com/projects/necfree,,,
,,,,https://www.zeczec.com/projects/day,,,
,,,,https://www.zeczec.com/projects/thescentcalendar,,,
,,,,https://www.zeczec.com/projects/jili,,,
,,,,https://www.zeczec.com/projects/tea-protect,,,
,,,,https://www.zeczec.com/projects/bunny-island,,,
,,,,https://www.zeczec.com/projects/yourbonex,,,
,,,,https://www.zeczec.com/projects/grimmpress-2,,,
,,,,https://www.zeczec.com/projects/Coffeehouse,,,
,,,,https://www.zeczec.com/projects/good-chicken-calendar-2023,,,
《貓老闆的路邊攤》最有台灣味的策略遊戲，邀請你一起來稱霸夜市！,蔥哥,172080.0,1170.0,https://www.zeczec.com/projects/TaiwanNightMarket,"最有台灣味的策略遊戲，邀請你一起來稱霸夜市,zeczec",21 天,2022/09/01 20:00 – 2022/10/23 23:59
小墨曆｜2023 書法水墨學習日曆 feat.學見書房,小墨器 Hsiao Mo Chi,405330.0,890.0,https://www.zeczec.com/projects/Hsiao-mo-li,"2023 年，一起來個美字訓練！ 讓你從小學畢業後重新愛上書法的日曆 ,zeczec",38 天,2022/09/01 21:00 – 2022/11/10 02:59
"《2022 都不落空：夢想起飛音樂會》原創華語 聖誕音樂劇 Chinese Christmas Musical ""Never Fails"" World Premiere Concert 2022",Melody Hwang X 財團法人卓越藝術傳播基金會,647928.0,500.0,https://www.zeczec.com/projects/never-fails-2022,"2022.12.10 首發音樂會/線上音樂會，邀您一起夢想起飛 Join us to make this musical concert a reality!,zeczec",8 天,2022/09/09 20:00 – 2022/10/10 23:59
【I-CHUN CHOU】 三款在任何時段都為你加分的香水，展現你的個性 | AMPM一日時光旅行香水套組,鼻子星球,35280.0,1680.0,https://www.zeczec.com/projects/ampm-24-i-chun-chou,"由專業調香師所設計，AMPM一日旅行時光的氣味，是詮釋氣味最理想的方式。逆向調香只採用好聞的氣味分子，香水新手不用擔心帶給周遭「香害」，三款在任何時段都為你加分的香水，展現更多自信。,zeczec",42 天,2022/09/30 19:00 – 2022/11/13 23:50
【今日宜小聊－2023腥座日曆】自我安慰開啟美好的一天， 2023腥辣才是王道,小瑜星座,162126.0,100.0,https://www.zeczec.com/projects/zodiac-teacheryu-calendar-2023,"宇宙間第一本與你對話、用星座與你互動的「沉浸式日曆」，365天專屬腥雞湯金句，讓你每天花5分鐘思考人生，搭配自己寫下每天想要對話的主題，讓2023每日都有意義！,zeczec",37 天,2022/09/14 12:00 – 2022/11/08 23:59
希望的當下｜王志揚書法月曆 2023,懷璞文創（樂學齋）,47040.0,980.0,https://www.zeczec.com/projects/Treasure,"將日子過成順逆從容的字，寫四季盎然的詩。 一份揉合書藝×文學×設計的月曆， 陪我們簇擁希望，在當下。,zeczec",36 天,2022/09/28 12:00 – 2022/11/07 23:59
【2023清旅行手撕桌曆】網紅凡清親手製作｜ 365天日日旅行 橫跨50國 ｜ 伴你收藏一整年的美好,2023清旅行手撕桌曆,200011.0,680.0,https://www.zeczec.com/projects/cingtravel2023,"一起去旅遊吧！這本《2023清旅行手撕桌曆》是我親手製作的喔，當初答應仲仲要帶她去度假而製作的，遨遊50國風景美食，每日一句土味情話，365天日日充滿驚喜，各方面細節都超級注重，分享給各位,zeczec",29 天,2022/09/14 21:00 – 2022/10/31 23:59
2023 明想正念日曆 Bit By Bit Calendar｜用日復一日的美好・切換內心的開關,dxpresso,579400.0,820.0,https://www.zeczec.com/projects/dxpresso-bit-by-bit-calendar,"給初學者的正念日曆，透過365天明想每日提醒 + 每日療癒圖形，讓大腦進入短暫的正念狀態、消除眼睛疲勞，陪你一點一滴的累積，一天比一天進步！,zeczec",13 天,2022/09/16 12:00 – 2022/10/15 23:59
,,,,https://www.zeczec.com/projects/GLOCAL,,,
,,,,https://www.zeczec.com/projects/firepro,,,
,,,,https://www.zeczec.com/projects/IslandGone-futureislandstudio,,,
,,,,https://www.zeczec.com/projects/MeowWWWu2023,,,
,,,,https://www.zeczec.com/projects/go-stand,,,
,,,,https://www.zeczec.com/projects/taipeiinthebox,,,
,,,,https://www.zeczec.com/projects/nicetomeetyou,,,
,,,,https://www.zeczec.com/projects/ferdy,,,
,,,,https://www.zeczec.com/projects/goldenspine,,,
BOBOPET波波陪-狗狗的完美居家夥伴,FLYTTA,63482.0,2880.0,https://www.zeczec.com/projects/bobopet,"是餵食碗，更是陪伴愛犬促進身心健康的遊戲療癒球。讓愛犬在互動下能玩得開心、放電紓解壓力，與您一起渡過歡樂的時光。,zeczec",29 天,2022/09/27 20:00 – 2022/10/31 23:59
2023《身體曆行》插畫週曆 ✷ 照顧自己、放鬆身心的52個療癒提案,Thisis Yali（鏡物觀察室）,111350.0,730.0,https://www.zeczec.com/projects/BodyFirst2023,"是週曆也是手帳！穴道保健＋生活儀式感＋健康好習慣＝陪你照顧身體、認真度日也懂得休息♡,zeczec",29 天,2022/09/28 21:00 – 2022/10/31 23:59
Mirolive-塔芭絲可 3D募資計畫,米諾文創娛樂有限公司,285888.0,100.0,https://www.zeczec.com/projects/mirolive-Tako3d,"透過群眾募資達成3D化模組,zeczec",53 天,2022/09/25 19:00 – 2022/11/24 23:59
【 Epomaker TH96｜客製化 RGB 機械鍵盤 】QMK/VIA 支援，輕量級發燒入門一把就夠。,Epomaker,45191.0,5399.0,https://www.zeczec.com/projects/epomaker-th96,"不銹鋼板機身加上矽膠墊圈安裝結構，添加矽膠吸音泡沫和厚矽膠阻尼底墊保證了鍵盤厚實的手感與平順的打字體驗。相容QMA韌體並支援VIA，充分自定義您的客製化需求。再加上熱插拔軸座設計，特別的多媒體操...,zeczec",10 天,2022/09/15 12:00 – 2022/10/13 02:00
【東龍嚴選】享淨淨 | 冰溫熱逆滲透淨飲機，六段智能溫控 ‧ 生水過濾 ‧ 自動生成富氫水,東龍家電,608400.0,13800.0,https://www.zeczec.com/projects/TE-521i,"東龍家電嚴選桌上型免安裝過濾淨水器，一鍵出水、3秒瞬熱，同時享有六段智能溫控及富氫水功能，無須拉線安裝，即插即用空間自由。,zeczec",29 天,2022/08/09 20:00 – 2022/10/31 23:59
【 FOREVER™Tee 國民短袖 】膠原蛋白加持，9大機能穿久久,Evolete Apparel,314400.0,1180.0,https://www.zeczec.com/projects/the-forever-tee,"紡織技術黑科技：膠原蛋白×抗撕裂×抗褪色×仿棉感×不起球，讓你的每一天舒適自信爆表！,zeczec",29 天,2022/09/19 12:00 – 2022/10/31 23:59
飲酷杯 Inst. Cool ｜ 拿起就喝、自動關蓋，騎車、日常萬用飲料杯 ,飲酷杯 Inst. Cool,594578.0,839.0,https://www.zeczec.com/projects/incoolcup,"放下藏吸管，拿起一秒喝。成為馬路上最快喝到乾淨飲料的人。專利設計、全球唯一單手就能藏吸管的環保杯。,zeczec",59 天,2022/09/06 21:00 – 2022/11/30 23:59
𝙀𝙞𝙣𝙁𝙞𝙩 女性團隊代表力作 : 專為私密開發保養補充品．莓好益菌．輕鬆做自己！,EinFit,38668.0,1988.0,https://www.zeczec.com/projects/CranberryProbiotics,"「世代交替，重新定義女性！」莓好益菌懂妳在乎的：CranPure蔓越莓前花青素 + HerCare私密益生菌 + 聖潔莓 + 卡姆果C，全方位保健：年輕女孩要更愛自己，熟齡婦女也可以天天保養！,zeczec",13 天,2022/09/16 13:00 – 2022/10/15 23:59
2023《花誌月曆》灌溉自己的12種練習,Floral Vintage花藝風格店,46600.0,760.0,https://www.zeczec.com/projects/floraldiary2023,"我們是兩位花藝品牌的主理人Carol & Rin，這是我們聯合推出的《花誌月曆》，第一本以「花藝師日常視角」為出發而設計的月曆，希望能透過四季植物共感陪伴，帶來花草療癒力量。,zeczec",44 天,2022/09/22 20:30 – 2022/11/15 23:59
Jin潾潾首張個人日文迷你專輯製作資金,只想當個瘋狂熱血傻瓜的Jin潾潾,45579.0,2499.0,https://www.zeczec.com/projects/Jin,"藏在內心23年的夢想，Jin潾潾要當的不是閃亮亮的歌手，Jin潾潾想要成為的是能療癒、並能改變世界拯救更多人，有影響力的歌手。潾潾はキラキラな歌手ではなく、影響力のある歌手になりたいです。,zeczec",35 天,2022/07/16 01:35 – 2022/11/06 23:59
麻吉手機背貼卡套,奧義品牌國際有限公司,51090.0,260.0,https://www.zeczec.com/projects/taiwanimal-mobile,"賦予手機收納卡片、票券功能，方便刷卡、捷運通關，悠遊不卡關。 解決了交通過程中找票、找卡通關的倉促窘境。可重複貼合的麻吉卡套，完全不殘膠，讓生活移動更加自在悠游。,zeczec",3 天,2022/08/22 12:00 – 2022/10/05 23:59
《河流》身心靈療癒誌｜不只是一份紙本月刊，而是一個匯聚美好能量的療癒多媒體，一個共學共好的身心靈平台！這世界不需要再一本八卦雜誌、再一個八卦節目，但需要這樣一個愛的視角，懇請支持「河流心傳媒」！,《河流》身心靈療癒誌,230840.0,16800.0,https://www.zeczec.com/projects/river2021,"《河流．身心靈療癒誌》滿週歲了，感謝去年嘖嘖支持我們創刊，這一年來我們為大家做了好多！河流從誕生到努力長這麼大，真是個奇蹟！我們還有更多的愛和夢想等著實現，邀請您繼續跟著我們～走這條河流！,zeczec",44 天,2022/09/20 10:00 – 2022/11/15 23:59
【二八年華-絕美默娘女神公仔】保庇平安又可愛療癒,默娘姊姊正能量無限大 X INFFINI吾現愛,205046.0,1080.0,https://www.zeczec.com/projects/moniangsister768268,"台灣插畫家Love Star創作的【默娘姊姊】角色，不論在LINE貼圖活潑的造型廣受歡迎，各種造型的小媽祖化身可愛Q版公仔，希望帶給大家滿滿正能量!,zeczec",28 天,2022/08/30 12:00 – 2022/10/31 02:00
,,,,https://www.zeczec.com/projects/chop-chop,,,
,,,,https://www.zeczec.com/projects/storywear_Kurt,,,
,,,,https://www.zeczec.com/projects/simple-life,,,
,,,,https://www.zeczec.com/projects/travel365,,,
,,,,https://www.zeczec.com/projects/LAS,,,
,,,,https://www.zeczec.com/projects/taiwan-arts-festival,,,
,,,,https://www.zeczec.com/projects/cemento-hana,,,
,,,,https://www.zeczec.com/projects/star-leaping-story,,,
,,,,https://www.zeczec.com/projects/tainanrainbowpride2022,,,
【Cable可移動洞洞板2.0】 新上市加高款，顛覆你對洞洞板的想像，創造屬於自己的生活！,凱堡家居 ,31389.0,2999.0,https://www.zeczec.com/projects/cable,"省時省力省空間，升級款洞洞板，直立式設計將收納空間向上延伸，讓收納空間被靈活運用，顛覆你對生活的想像！,zeczec",14 天,2022/09/23 12:00 – 2022/10/16 23:59
《口袋烏龜Pocket Tortoise》多種烏龜任你養，帶你體驗養龜生活,雲灣資訊有限公司,80330.0,200.0,https://www.zeczec.com/projects/PckTt,"可愛療癒的飼養烏龜手遊🐢 除了讓你飼養收集多種烏龜之外，還可以瞭解烏龜相關知識。現已上線一個小版本，我們想要豐富遊戲內容，讓大家更認識烏龜。期待你加入養龜生活！,zeczec",15 天,2022/08/18 18:00 – 2022/10/18 18:00
CO x CO Cube | 會呼吸的方塊燈 | 偵測空間內的二氧化碳濃度，替你守護空氣的流通性 | 用顏色告訴你，是否該讓空氣流通了！,CO x CO Cube,14457.0,2999.0,https://www.zeczec.com/projects/co-x-co-cube,"會呼吸的方塊燈，隨時偵測空氣中的二氧化碳濃度，替您守護空氣的流通性，根據空氣的流通性，壓克力燈光的顏色會產生動態變化。,zeczec", 38 小時,2022/08/04 12:00 – 2022/10/04 23:59
日本製・ZiBi-t 口罩 | 減少耳朵疼痛或是壓迫感，不影響時尚外表的耳掛式口罩！,zibit,40127.0,999.0,https://www.zeczec.com/projects/zibi-t,"来自日本第一大眼鏡眼生產地「福井県」!像戴眼鏡般的耳掛式口罩!,zeczec",29 天,2022/09/22 12:00 – 2022/10/31 23:59
「Hello Happy 快樂喵日子！」2023漫畫日曆募資出版｜365張漫畫及遊戲帶給你天天好心情！,小雪,155620.0,490.0,https://www.zeczec.com/projects/happy2023,"365張可愛的Happy漫畫、益智小遊戲、貓哲學及趣味翻翻圖漫幫你紓解每日生活壓力、營造親子樂趣！,zeczec",29 天,2022/08/01 00:00 – 2022/10/31 23:59
Science X Life 台東國小科學營志工活動,Science X Life 科學人生,11000.0,1000.0,https://www.zeczec.com/projects/science-x-life2,"我們是薇閣高中的學生，每年的寒暑假，我們會固定到偏鄉小學帶著小朋友們做科學實驗，教導他們課外的自然知識，激發小朋友們對科學的熱情。,zeczec",28 天,2022/09/16 00:00 – 2022/10/30 23:59
mysig喵空漫步2.0 | 更好玩、更舒壓、更豐富趣味的貓咪空中樂園 ! ,mysig,36900.0,7900.0,https://www.zeczec.com/projects/mysigcatG2,"mysig2.0升級版擁有更多配件、超越空間限制，輕鬆打造迪士尼等級的貓樂園！,zeczec",19 天,2022/09/20 12:00 – 2022/10/21 23:59
【恰恰好原石礦砂】針對貓行為設計｜秒凝結、覆蓋強、純天然，所有貓孩都抗拒不了的天然本能友善貓砂,恰恰好office cats,125990.0,1000.0,https://www.zeczec.com/projects/officecats,"貓孩喜歡的是礦砂，為什麼要因為我們的喜好而去改變他，友善貓孩，無添加任何化學物質只為了給他們一個最健康舒適的如廁環境。,zeczec",8 天,2022/08/23 21:00 – 2022/10/11 02:00
,,,,https://www.zeczec.com/projects/calendar2023_nikolee,,,
,,,,https://www.zeczec.com/projects/mao2mao,,,
,,,,https://www.zeczec.com/projects/Little-blue-first-time,,,
,,,,https://www.zeczec.com/projects/calm2023calendar,,,
,,,,https://www.zeczec.com/projects/yuyu-x-horchill,,,
,,,,https://www.zeczec.com/projects/dream_desire,,,
,,,,https://www.zeczec.com/projects/japan99masuku,,,
,,,,https://www.zeczec.com/projects/a-crow-looked-at-me,,,
,,,,https://www.zeczec.com/projects/Fengtian,,,
,,,,https://www.zeczec.com/projects/mountainnotebook,,,
咖啡 • 香｜咖啡渣做的咖啡•香，融合『循環｜再生｜信仰｜薰香』擁有安定向上的力量！,Lu Coffee,0.0,1466.0,https://www.zeczec.com/projects/lucoffee02,"旅•珈啡｜首創環保薰香，100%純天然原料專屬香氣，結合『環保•創新•循環』咖啡渣的循環再生，為共同所處環境盡一份力。,zeczec",44 天,2022/09/20 12:00 – 2022/11/16 02:00
《力量》再創百年歷史，天寶聖道宮修繕特急,北投天寶聖道宮,4000.0,250.0,https://www.zeczec.com/projects/tianbaoshengdaotemple,"捐一磚蓋平安，疊一瓦求一福。讓我們凝聚力量，讓信仰不被瓦解。協助50年老廟再創百年歷史！,zeczec",48 天,2022/09/21 20:00 – 2022/11/20 02:00
聖誕．素｜實木螺旋聖誕樹，讓你的與眾不同被看見,佛丐設計創意有限公司,58800.0,9900.0,https://www.zeczec.com/projects/fourguys,"聖誕．素，使用樺木材質的實木木條，堆疊成螺旋的特殊外型，提供不同以往的聖誕樹形象，平順切邊的流線外觀，特殊的45°鑽孔可提供吊掛飾品。,zeczec",29 天,2022/09/20 21:00 – 2022/10/31 23:59
創世基金會｜嘉義院區「植物人收容床位」增建籌資！,創世基金會,14100.0,100000.0,https://www.zeczec.com/projects/genesis00969129,"創世基金會嘉義院，核准服務22個床位， 服務對象來自嘉義縣市、雲林縣等，受限於空間難以增床，仍有許多植物人家庭迫切等待救助,zeczec",13 天,2022/07/27 12:00 – 2022/10/15 23:59
2023《燈塔》自我成長手帳本 | 身在暗處，別忘了光離你其實不遠。,壹玖玖柒,10036.0,429.0,https://www.zeczec.com/projects/lighthouse-calendar,"這座指引人生方向的燈塔，帶著你找尋最真實的自己，只有你親自嘗試與冒險，才能體會船入港後船錨落下的安穩感。,zeczec",48 天,2022/09/22 12:00 – 2022/11/20 12:00
⟨⟨社群慌原⟩⟩世新大學108級資訊傳播學系畢業專題成果展|募資計畫,社群慌原,5650.0,100.0,https://www.zeczec.com/projects/socialemo108,"社群慌原是由五名世新大學資訊傳播學系的學生所組成，希望能透過所學協助創作者將所遇見的心理危機有所化解，並期望閱聽人對於新媒體生態現況有更深的了解和省思。,zeczec",29 天,2022/07/30 23:59 – 2022/10/31 23:59
王羲之書法要訣月曆,無極,3000.0,500.0,https://www.zeczec.com/projects/z-calligraphy,"看圖說能量，讓您秒懂書法大師的筆法秘訣！讓你的字提升一個級別！！,zeczec",49 天,2022/09/30 12:00 – 2022/11/20 23:59
,,,,https://www.zeczec.com/projects/elsonmobile,,,
,,,,https://www.zeczec.com/projects/apac,,,
,,,,https://www.zeczec.com/projects/shui-gou,,,
,,,,https://www.zeczec.com/projects/withwood,,,
,,,,https://www.zeczec.com/projects/supermarkit,,,
,,,,https://www.zeczec.com/projects/Taiwan-Island-Calendar,,,
,,,,https://www.zeczec.com/projects/woodenpenhome,,,
,,,,https://www.zeczec.com/projects/ban-dao-ti-zhi,,,
,,,,https://www.zeczec.com/projects/regal-living,,,
,,,,https://www.zeczec.com/projects/wasangshow001,,,
【早鳥優惠搶先預購~】超Q招財咬錢虎｜超級求財運神獸，咬錢進財庫啦~,鴞遙翱創,28095.0,4450.0,https://www.zeczec.com/projects/money-hu-yeh,"「超Q虎來囉」創新設計一尊真的能咬硬幣的虎爺｜別再擺招財貓啦~結合東方招財神獸-虎爺，創新設計可以咬錢的超Q咬錢虎,zeczec",25 天,2022/09/23 20:00 – 2022/10/27 23:59
畢業製作《尋》紀錄片募資計畫,畢業製作《尋》紀錄片團隊＿馬子涵,3800.0,300.0,https://www.zeczec.com/projects/capstone-project-documentary-SEARCHING,"拍攝關於＜big行動夢想家＞劇團的三位成員，透過參與劇團，和劇團夥伴成為互相扶持的家人，漸漸找到自我找到歸屬的過程。,zeczec",49 天,2022/09/27 11:00 – 2022/11/20 23:59
2023 台灣「節氣食曆」,晟達生活科技股份有限公司,11848.0,999.0,https://www.zeczec.com/projects/ASCCA,"食飪當季，食節在地；藥食同源；均食頤養，中華農旅文創融合發展協會/台灣節氣食曆結合本協會各領域專家老師，從彙整各文化族群，到各縣市蔬果、禽畜、海鮮、中草、香草，到各地野菜等，在耗時近一年時間，依...,zeczec",17 天,2022/09/08 12:00 – 2022/10/19 23:59
【圓形立杯架】個人專屬杯架，辦公室、浴室、書房，杯架+珪藻土杯墊的專利設計,歐士,1537.0,218.0,https://www.zeczec.com/projects/oshi_cup_holder,"鋁合金立杯架的簡化版本，輕鬆的入手價格，生活中必需有的好產品。,zeczec",28 天,2022/09/06 15:00 – 2022/10/30 23:59
新 • 康普茶發酵液 [療癒DIY手作機能飲] 100%無多餘添加；低糖低熱量，口味百變，健康滿分！,林立生醫 LINLI,16480.0,920.0,https://www.zeczec.com/projects/linlibio-kombucha,"源自東方發酵茶飲《 康普茶 》興起西方養生風潮，「林立 綠茶康普茶發酵液」給您無負擔的輕盈，想喝就喝吧！,zeczec",58 天,2022/09/29 20:00 – 2022/11/30 02:59
圓缺之間-身心障礙者影展-看見,廣青文教基金會,150.0,150.0,https://www.zeczec.com/projects/tosee,"自 2001 年起廣青基金會舉辦「圓缺之間」身心障礙者影展，每年平均吸引3,000至4,000人參與，希望透過影像傳播，讓社會大眾看見身心障礙族群多元的樣貌，進而拉近障礙者與非障礙者的距離。,zeczec",54 天,2022/09/29 12:00 – 2022/11/26 20:30
大衛疊疊樂｜下班後，連米開朗基羅也紓壓的好玩意~,數字雕像,1740.0,990.0,https://www.zeczec.com/projects/codestatue-david,"大衛疊疊樂是款像樂高一樣紓壓的桌遊。不分男女老幼只要照著數字疊，可以自己獨樂或親子一起玩樂，讓你像米開基羅一樣打造出藝術史上最美的男子~,zeczec",29 天,2022/09/29 20:00 – 2022/10/31 23:59
【福柚福氛｜香氛組】天然植萃｜花蓮鶴岡有機柚子再生｜化身四季都能陪伴你的香氣,福氛,1200.0,1200.0,https://www.zeczec.com/projects/fu-you-fu-fen,"起初幫助小農的善念，擴大成想為每個人提供更自在的放鬆時光。,zeczec",23 天,2022/09/26 12:00 – 2022/10/25 23:59
,,,,https://www.zeczec.com/projects/i-112-x,,,
,,,,https://www.zeczec.com/projects/Pro7hole-DtonAltoFunFlute,,,
